ZIP Code,City,County,Region,Type
ZIP Code 55748,Hill City,Aitkin,Northland,Standard
ZIP Code 55760,Mcgregor,Aitkin,Northland,Standard
ZIP Code 55787,Tamarack,Aitkin,Northland,Standard
ZIP Code 56350,Mc Grath,Aitkin,Northland,Standard
ZIP Code 56431,Aitkin,Aitkin,Northland,Standard
ZIP Code 56469,Palisade,Aitkin,Northland,Standard
ZIP Code 55005,Bethel,Anoka,Metro,Standard
ZIP Code 55011,Cedar,Anoka,Metro,Standard
ZIP Code 55014,Circle Pines,Anoka,Metro,Standard
ZIP Code 55070,Saint Francis,Anoka,Metro,Standard
ZIP Code 55303,Anoka,Anoka,Metro,Standard
ZIP Code 55304,Andover,Anoka,Metro,Standard
ZIP Code 55421,Minneapolis,Anoka,Metro,Standard
ZIP Code 55432,Minneapolis,Anoka,Metro,Standard
ZIP Code 55433,Minneapolis,Anoka,Metro,Standard
ZIP Code 55434,Minneapolis,Anoka,Metro,Standard
ZIP Code 55448,Minneapolis,Anoka,Metro,Standard
ZIP Code 55449,Minneapolis,Anoka,Metro,Standard
ZIP Code 56501,Detroit Lakes,Becker,West Central,Standard
ZIP Code 56502,Detroit Lakes,Becker,West Central,P.O. Box
ZIP Code 56511,Audubon,Becker,West Central,Standard
ZIP Code 56521,Callaway,Becker,West Central,Standard
ZIP Code 56544,Frazee,Becker,West Central,Standard
ZIP Code 56554,Lake Park,Becker,West Central,Standard
ZIP Code 56569,Ogema,Becker,West Central,Standard
ZIP Code 56570,Osage,Becker,West Central,Standard
ZIP Code 56575,Ponsford,Becker,West Central,Standard
ZIP Code 56577,Richwood,Becker,West Central,P.O. Box
ZIP Code 56578,Rochert,Becker,West Central,Standard
ZIP Code 56589,Waubun,Becker,West Central,Standard
ZIP Code 56591,White Earth,Becker,West Central,P.O. Box
ZIP Code 56593,Wolf Lake,Becker,West Central,P.O. Box
ZIP Code 56601,Bemidji,Beltrami,Northwest,Standard
ZIP Code 56619,Bemidji,Beltrami,Northwest,P.O. Box
ZIP Code 56630,Blackduck,Beltrami,Northwest,Standard
ZIP Code 56647,Hines,Beltrami,Northwest,Standard
ZIP Code 56650,Kelliher,Beltrami,Northwest,Standard
ZIP Code 56663,Pennington,Beltrami,Northwest,Standard
ZIP Code 56666,Ponemah,Beltrami,Northwest,P.O. Box
ZIP Code 56667,Puposky,Beltrami,Northwest,Standard
ZIP Code 56670,Redby,Beltrami,Northwest,P.O. Box
ZIP Code 56671,Redlake,Beltrami,Northwest,P.O. Box
ZIP Code 56678,Solway,Beltrami,Northwest,Standard
ZIP Code 56683,Tenstrike,Beltrami,Northwest,Standard
ZIP Code 56685,Waskish,Beltrami,Northwest,Standard
ZIP Code 56687,Wilton,Beltrami,Northwest,P.O. Box
ZIP Code 56329,Foley,Benton,Central,Standard
ZIP Code 56333,Gilman,Benton,Central,P.O. Box
ZIP Code 56357,Oak Park,Benton,Central,Standard
ZIP Code 56367,Rice,Benton,Central,Standard
ZIP Code 56379,Sauk Rapids,Benton,Central,Standard
ZIP Code 56210,Barry,Big Stone,Southwest,P.O. Box
ZIP Code 56211,Beardsley,Big Stone,Southwest,Standard
ZIP Code 56225,Clinton,Big Stone,Southwest,Standard
ZIP Code 56227,Correll,Big Stone,Southwest,Standard
ZIP Code 56240,Graceville,Big Stone,Southwest,Standard
ZIP Code 56276,Odessa,Big Stone,Southwest,Standard
ZIP Code 56278,Ortonville,Big Stone,Southwest,Standard
ZIP Code 56001,Mankato,Blue Earth,Southern,Standard
ZIP Code 56002,Mankato,Blue Earth,Southern,P.O. Box
ZIP Code 56010,Amboy,Blue Earth,Southern,Standard
ZIP Code 56024,Eagle Lake,Blue Earth,Southern,Standard
ZIP Code 56034,Garden City,Blue Earth,Southern,Standard
ZIP Code 56037,Good Thunder,Blue Earth,Southern,Standard
ZIP Code 56055,Lake Crystal,Blue Earth,Southern,Standard
ZIP Code 56063,Madison Lake,Blue Earth,Southern,Standard
ZIP Code 56065,Mapleton,Blue Earth,Southern,Standard
ZIP Code 56078,Pemberton,Blue Earth,Southern,Standard
ZIP Code 56080,Saint Clair,Blue Earth,Southern,P.O. Box
ZIP Code 56090,Vernon Center,Blue Earth,Southern,Standard
ZIP Code 56019,Comfrey,Brown,Southern,Standard
ZIP Code 56030,Essig,Brown,Southern,P.O. Box
ZIP Code 56041,Hanska,Brown,Southern,Standard
ZIP Code 56073,New Ulm,Brown,Southern,Standard
ZIP Code 56084,Searles,Brown,Southern,P.O. Box
ZIP Code 56085,Sleepy Eye,Brown,Southern,Standard
ZIP Code 56087,Springfield,Brown,Southern,Standard
ZIP Code 55707,Barnum,Carlton,Northland,Standard
ZIP Code 55718,Carlton,Carlton,Northland,Standard
ZIP Code 55720,Cloquet,Carlton,Northland,Standard
ZIP Code 55726,Cromwell,Carlton,Northland,Standard
ZIP Code 55733,Esko,Carlton,Northland,Standard
ZIP Code 55749,Holyoke,Carlton,Northland,Standard
ZIP Code 55757,Kettle River,Carlton,Northland,Standard
ZIP Code 55767,Moose Lake,Carlton,Northland,Standard
ZIP Code 55780,Sawyer,Carlton,Northland,Standard
ZIP Code 55797,Wrenshall,Carlton,Northland,Standard
ZIP Code 55798,Wright,Carlton,Northland,Standard
ZIP Code 55315,Carver,Carver,Metro,Standard
ZIP Code 55317,Chanhassen,Carver,Metro,Standard
ZIP Code 55318,Chaska,Carver,Metro,Standard
ZIP Code 55322,Cologne,Carver,Metro,Standard
ZIP Code 55339,Hamburg,Carver,Metro,Standard
ZIP Code 55360,Mayer,Carver,Metro,Standard
ZIP Code 55367,New Germany,Carver,Metro,Standard
ZIP Code 55368,Norwood Young America,Carver,Metro,Standard
ZIP Code 55386,Victoria,Carver,Metro,Standard
ZIP Code 55387,Waconia,Carver,Metro,Standard
ZIP Code 55388,Watertown,Carver,Metro,Standard
ZIP Code 55397,Young America,Carver,Metro,Standard
ZIP Code 55554,Norwood,Carver,Metro,P.O. Box
ZIP Code 55785,Swatara,Cass,Central,Standard
ZIP Code 56435,Backus,Cass,Central,Standard
ZIP Code 56452,Hackensack,Cass,Central,Standard
ZIP Code 56473,Pillager,Cass,Central,Standard
ZIP Code 56474,Pine River,Cass,Central,Standard
ZIP Code 56484,Walker,Cass,Central,Standard
ZIP Code 56626,Bena,Cass,Central,Standard
ZIP Code 56633,Cass Lake,Cass,Central,Standard
ZIP Code 56641,Federal Dam,Cass,Central,Standard
ZIP Code 56655,Longville,Cass,Central,Standard
ZIP Code 56662,Outing,Cass,Central,Standard
ZIP Code 56672,Remer,Cass,Central,Standard
ZIP Code 56222,Clara City,Chippewa,Southwest,Standard
ZIP Code 56260,Maynard,Chippewa,Southwest,Standard
ZIP Code 56262,Milan,Chippewa,Southwest,Standard
ZIP Code 56265,Montevideo,Chippewa,Southwest,Standard
ZIP Code 56295,Watson,Chippewa,Southwest,Standard
ZIP Code 55012,Center City,Chisago,Central,Standard
ZIP Code 55013,Chisago City,Chisago,Central,Standard
ZIP Code 55032,Harris,Chisago,Central,Standard
ZIP Code 55045,Lindstrom,Chisago,Central,Standard
ZIP Code 55056,North Branch,Chisago,Central,Standard
ZIP Code 55069,Rush City,Chisago,Central,Standard
ZIP Code 55074,Shafer,Chisago,Central,Standard
ZIP Code 55078,Stacy,Chisago,Central,P.O. Box
ZIP Code 55079,Stacy,Chisago,Central,Standard
ZIP Code 55084,Taylors Falls,Chisago,Central,Standard
ZIP Code 55092,Wyoming,Chisago,Central,Standard
ZIP Code 56514,Barnesville,Clay,West Central,Standard
ZIP Code 56525,Comstock,Clay,West Central,P.O. Box
ZIP Code 56529,Dilworth,Clay,West Central,Standard
ZIP Code 56536,Felton,Clay,West Central,Standard
ZIP Code 56546,Georgetown,Clay,West Central,Standard
ZIP Code 56547,Glyndon,Clay,West Central,Standard
ZIP Code 56549,Hawley,Clay,West Central,Standard
ZIP Code 56552,Hitterdal,Clay,West Central,Standard
ZIP Code 56560,Moorhead,Clay,West Central,Standard
ZIP Code 56561,Moorhead,Clay,West Central,P.O. Box
ZIP Code 56562,Moorhead,Clay,West Central,Standard
ZIP Code 56563,Moorhead,Clay,West Central,Standard
ZIP Code 56580,Sabin,Clay,West Central,Standard
ZIP Code 56585,Ulen,Clay,West Central,Standard
ZIP Code 56621,Bagley,Clearwater,Northwest,Standard
ZIP Code 56634,Clearbrook,Clearwater,Northwest,Standard
ZIP Code 56644,Gonvick,Clearwater,Northwest,Standard
ZIP Code 56652,Leonard,Clearwater,Northwest,Standard
ZIP Code 56676,Shevlin,Clearwater,Northwest,Standard
ZIP Code 55604,Grand Marais,Cook,Northland,Standard
ZIP Code 55605,Grand Portage,Cook,Northland,Standard
ZIP Code 55606,Hovland,Cook,Northland,Standard
ZIP Code 55612,Lutsen,Cook,Northland,Standard
ZIP Code 55613,Schroeder,Cook,Northland,Standard
ZIP Code 55615,Tofte,Cook,Northland,Standard
ZIP Code 56101,Windom,Cottonwood,Southwest,Standard
ZIP Code 56118,Bingham Lake,Cottonwood,Southwest,Standard
ZIP Code 56145,Jeffers,Cottonwood,Southwest,Standard
ZIP Code 56159,Mountain Lake,Cottonwood,Southwest,Standard
ZIP Code 56174,Storden,Cottonwood,Southwest,Standard
ZIP Code 56183,Westbrook,Cottonwood,Southwest,Standard
ZIP Code 56401,Brainerd,Crow Wing,Central,Standard
ZIP Code 56425,Baxter,Crow Wing,Central,Standard
ZIP Code 56441,Crosby,Crow Wing,Central,Standard
ZIP Code 56442,Crosslake,Crow Wing,Central,Standard
ZIP Code 56444,Deerwood,Crow Wing,Central,Standard
ZIP Code 56447,Emily,Crow Wing,Central,Standard
ZIP Code 56448,Fifty Lakes,Crow Wing,Central,Standard
ZIP Code 56449,Fort Ripley,Crow Wing,Central,Standard
ZIP Code 56450,Garrison,Crow Wing,Central,Standard
ZIP Code 56455,Ironton,Crow Wing,Central,Standard
ZIP Code 56456,Jenkins,Crow Wing,Central,P.O. Box
ZIP Code 56459,Lake Hubert,Crow Wing,Central,P.O. Box
ZIP Code 56465,Merrifield,Crow Wing,Central,Standard
ZIP Code 56468,Nisswa,Crow Wing,Central,Standard
ZIP Code 56472,Pequot Lakes,Crow Wing,Central,Standard
ZIP Code 55010,Castle Rock,Dakota,Metro,P.O. Box
ZIP Code 55024,Farmington,Dakota,Metro,Standard
ZIP Code 55031,Hampton,Dakota,Metro,Standard
ZIP Code 55033,Hastings,Dakota,Metro,Standard
ZIP Code 55044,Lakeville,Dakota,Metro,Standard
ZIP Code 55065,Randolph,Dakota,Metro,Standard
ZIP Code 55068,Rosemount,Dakota,Metro,Standard
ZIP Code 55075,South Saint Paul,Dakota,Metro,Standard
ZIP Code 55076,Inver Grove Heights,Dakota,Metro,Standard
ZIP Code 55077,Inver Grove Heights,Dakota,Metro,Standard
ZIP Code 55085,Vermillion,Dakota,Metro,P.O. Box
ZIP Code 55118,Saint Paul,Dakota,Metro,Standard
ZIP Code 55120,Saint Paul,Dakota,Metro,Standard
ZIP Code 55121,Saint Paul,Dakota,Metro,Standard
ZIP Code 55122,Saint Paul,Dakota,Metro,Standard
ZIP Code 55123,Saint Paul,Dakota,Metro,Standard
ZIP Code 55124,Saint Paul,Dakota,Metro,Standard
ZIP Code 55150,Mendota,Dakota,Metro,P.O. Box
ZIP Code 55306,Burnsville,Dakota,Metro,Standard
ZIP Code 55337,Burnsville,Dakota,Metro,Standard
ZIP Code 55924,Claremont,Dodge,Southern,Standard
ZIP Code 55927,Dodge Center,Dodge,Southern,Standard
ZIP Code 55940,Hayfield,Dodge,Southern,Standard
ZIP Code 55944,Kasson,Dodge,Southern,Standard
ZIP Code 55955,Mantorville,Dodge,Southern,Standard
ZIP Code 55985,West Concord,Dodge,Southern,Standard
ZIP Code 56308,Alexandria,Douglas,West Central,Standard
ZIP Code 56315,Brandon,Douglas,West Central,Standard
ZIP Code 56319,Carlos,Douglas,West Central,Standard
ZIP Code 56326,Evansville,Douglas,West Central,Standard
ZIP Code 56327,Farwell,Douglas,West Central,Standard
ZIP Code 56332,Garfield,Douglas,West Central,Standard
ZIP Code 56341,Holmes City,Douglas,West Central,P.O. Box
ZIP Code 56343,Kensington,Douglas,West Central,Standard
ZIP Code 56354,Miltona,Douglas,West Central,Standard
ZIP Code 56355,Nelson,Douglas,West Central,Standard
ZIP Code 56360,Osakis,Douglas,West Central,Standard
ZIP Code 56013,Blue Earth,Faribault,Southern,Standard
ZIP Code 56014,Bricelyn,Faribault,Southern,Standard
ZIP Code 56023,Delavan,Faribault,Southern,Standard
ZIP Code 56025,Easton,Faribault,Southern,Standard
ZIP Code 56027,Elmore,Faribault,Southern,Standard
ZIP Code 56033,Frost,Faribault,Southern,Standard
ZIP Code 56047,Huntley,Faribault,Southern,P.O. Box
ZIP Code 56051,Kiester,Faribault,Southern,Standard
ZIP Code 56068,Minnesota Lake,Faribault,Southern,Standard
ZIP Code 56097,Wells,Faribault,Southern,Standard
ZIP Code 56098,Winnebago,Faribault,Southern,Standard
ZIP Code 55922,Canton,Fillmore,Southern,Standard
ZIP Code 55923,Chatfield,Fillmore,Southern,Standard
ZIP Code 55935,Fountain,Fillmore,Southern,Standard
ZIP Code 55939,Harmony,Fillmore,Southern,Standard
ZIP Code 55949,Lanesboro,Fillmore,Southern,Standard
ZIP Code 55954,Mabel,Fillmore,Southern,Standard
ZIP Code 55961,Ostrander,Fillmore,Southern,Standard
ZIP Code 55962,Peterson,Fillmore,Southern,Standard
ZIP Code 55965,Preston,Fillmore,Southern,Standard
ZIP Code 55971,Rushford,Fillmore,Southern,Standard
ZIP Code 55975,Spring Valley,Fillmore,Southern,Standard
ZIP Code 55990,Wykoff,Fillmore,Southern,Standard
ZIP Code 56007,Albert Lea,Freeborn,Southern,Standard
ZIP Code 56009,Alden,Freeborn,Southern,Standard
ZIP Code 56016,Clarks Grove,Freeborn,Southern,Standard
ZIP Code 56020,Conger,Freeborn,Southern,P.O. Box
ZIP Code 56029,Emmons,Freeborn,Southern,Standard
ZIP Code 56032,Freeborn,Freeborn,Southern,P.O. Box
ZIP Code 56035,Geneva,Freeborn,Southern,P.O. Box
ZIP Code 56036,Glenville,Freeborn,Southern,Standard
ZIP Code 56042,Hartland,Freeborn,Southern,Standard
ZIP Code 56043,Hayward,Freeborn,Southern,Standard
ZIP Code 56045,Hollandale,Freeborn,Southern,Standard
ZIP Code 56089,Twin Lakes,Freeborn,Southern,Standard
ZIP Code 55009,Cannon Falls,Goodhue,Southern,Standard
ZIP Code 55018,Dennison,Goodhue,Southern,Standard
ZIP Code 55026,Frontenac,Goodhue,Southern,Standard
ZIP Code 55027,Goodhue,Goodhue,Southern,Standard
ZIP Code 55066,Red Wing,Goodhue,Southern,Standard
ZIP Code 55089,Welch,Goodhue,Southern,Standard
ZIP Code 55946,Kenyon,Goodhue,Southern,Standard
ZIP Code 55963,Pine Island,Goodhue,Southern,Standard
ZIP Code 55983,Wanamingo,Goodhue,Southern,Standard
ZIP Code 55992,Zumbrota,Goodhue,Southern,Standard
ZIP Code 56248,Herman,Grant,West Central,Standard
ZIP Code 56274,Norcross,Grant,West Central,Standard
ZIP Code 56309,Ashby,Grant,West Central,Standard
ZIP Code 56311,Barrett,Grant,West Central,Standard
ZIP Code 56339,Hoffman,Grant,West Central,Standard
ZIP Code 56531,Elbow Lake,Grant,West Central,Standard
ZIP Code 56590,Wendell,Grant,West Central,Standard
ZIP Code 55111,Saint Paul,Hennepin,Metro,Standard
ZIP Code 55305,Hopkins,Hennepin,Metro,Standard
ZIP Code 55311,Maple Grove,Hennepin,Metro,Standard
ZIP Code 55316,Champlin,Hennepin,Metro,Standard
ZIP Code 55323,Crystal Bay,Hennepin,Metro,P.O. Box
ZIP Code 55327,Dayton,Hennepin,Metro,Standard
ZIP Code 55331,Excelsior,Hennepin,Metro,Standard
ZIP Code 55340,Hamel,Hennepin,Metro,Standard
ZIP Code 55343,Hopkins,Hennepin,Metro,Standard
ZIP Code 55344,Eden Prairie,Hennepin,Metro,Standard
ZIP Code 55345,Minnetonka,Hennepin,Metro,Standard
ZIP Code 55346,Eden Prairie,Hennepin,Metro,Standard
ZIP Code 55347,Eden Prairie,Hennepin,Metro,Standard
ZIP Code 55356,Long Lake,Hennepin,Metro,Standard
ZIP Code 55357,Loretto,Hennepin,Metro,Standard
ZIP Code 55359,Maple Plain,Hennepin,Metro,Standard
ZIP Code 55361,Minnetonka Beach,Hennepin,Metro,P.O. Box
ZIP Code 55364,Mound,Hennepin,Metro,Standard
ZIP Code 55369,Osseo,Hennepin,Metro,Standard
ZIP Code 55374,Rogers,Hennepin,Metro,Standard
ZIP Code 55375,Saint Bonifacius,Hennepin,Metro,Standard
ZIP Code 55384,Spring Park,Hennepin,Metro,Standard
ZIP Code 55391,Wayzata,Hennepin,Metro,Standard
ZIP Code 55392,Navarre,Hennepin,Metro,P.O. Box
ZIP Code 55401,Minneapolis,Hennepin,Metro,Standard
ZIP Code 55402,Minneapolis,Hennepin,Metro,Standard
ZIP Code 55403,Minneapolis,Hennepin,Metro,Standard
ZIP Code 55404,Minneapolis,Hennepin,Metro,Standard
ZIP Code 55405,Minneapolis,Hennepin,Metro,Standard
ZIP Code 55406,Minneapolis,Hennepin,Metro,Standard
ZIP Code 55407,Minneapolis,Hennepin,Metro,Standard
ZIP Code 55408,Minneapolis,Hennepin,Metro,Standard
ZIP Code 55409,Minneapolis,Hennepin,Metro,Standard
ZIP Code 55410,Minneapolis,Hennepin,Metro,Standard
ZIP Code 55411,Minneapolis,Hennepin,Metro,Standard
ZIP Code 55412,Minneapolis,Hennepin,Metro,Standard
ZIP Code 55413,Minneapolis,Hennepin,Metro,Standard
ZIP Code 55414,Minneapolis,Hennepin,Metro,Standard
ZIP Code 55415,Minneapolis,Hennepin,Metro,Standard
ZIP Code 55416,Minneapolis,Hennepin,Metro,Standard
ZIP Code 55417,Minneapolis,Hennepin,Metro,Standard
ZIP Code 55418,Minneapolis,Hennepin,Metro,Standard
ZIP Code 55419,Minneapolis,Hennepin,Metro,Standard
ZIP Code 55420,Minneapolis,Hennepin,Metro,Standard
ZIP Code 55422,Minneapolis,Hennepin,Metro,Standard
ZIP Code 55423,Minneapolis,Hennepin,Metro,Standard
ZIP Code 55424,Minneapolis,Hennepin,Metro,Standard
ZIP Code 55425,Minneapolis,Hennepin,Metro,Standard
ZIP Code 55426,Minneapolis,Hennepin,Metro,Standard
ZIP Code 55427,Minneapolis,Hennepin,Metro,Standard
ZIP Code 55428,Minneapolis,Hennepin,Metro,Standard
ZIP Code 55429,Minneapolis,Hennepin,Metro,Standard
ZIP Code 55430,Minneapolis,Hennepin,Metro,Standard
ZIP Code 55431,Minneapolis,Hennepin,Metro,Standard
ZIP Code 55435,Minneapolis,Hennepin,Metro,Standard
ZIP Code 55436,Minneapolis,Hennepin,Metro,Standard
ZIP Code 55436,Saint Louis Park,Hennepin,Metro,Standard
ZIP Code 55437,Minneapolis,Hennepin,Metro,Standard
ZIP Code 55438,Minneapolis,Hennepin,Metro,Standard
ZIP Code 55439,Minneapolis,Hennepin,Metro,Standard
ZIP Code 55440,Minneapolis,Hennepin,Metro,P.O. Box
ZIP Code 55441,Minneapolis,Hennepin,Metro,Standard
ZIP Code 55442,Minneapolis,Hennepin,Metro,Standard
ZIP Code 55443,Minneapolis,Hennepin,Metro,Standard
ZIP Code 55444,Minneapolis,Hennepin,Metro,Standard
ZIP Code 55445,Minneapolis,Hennepin,Metro,Standard
ZIP Code 55446,Minneapolis,Hennepin,Metro,Standard
ZIP Code 55447,Minneapolis,Hennepin,Metro,Standard
ZIP Code 55450,Minneapolis,Hennepin,Metro,Standard
ZIP Code 55454,Minneapolis,Hennepin,Metro,Standard
ZIP Code 55455,Minneapolis,Hennepin,Metro,Standard
ZIP Code 55458,Minneapolis,Hennepin,Metro,P.O. Box
ZIP Code 55459,Minneapolis,Hennepin,Metro,P.O. Box
ZIP Code 55460,Minneapolis,Hennepin,Metro,P.O. Box
ZIP Code 55467,Minneapolis,Hennepin,Metro,Unique
ZIP Code 55470,Minneapolis,Hennepin,Metro,P.O. Box
ZIP Code 55472,Minneapolis,Hennepin,Metro,Unique
ZIP Code 55474,Minneapolis,Hennepin,Metro,Unique
ZIP Code 55478,Minneapolis,Hennepin,Metro,Unique
ZIP Code 55479,Minneapolis,Hennepin,Metro,Unique
ZIP Code 55480,Minneapolis,Hennepin,Metro,P.O. Box
ZIP Code 55483,Minneapolis,Hennepin,Metro,Unique
ZIP Code 55484,Minneapolis,Hennepin,Metro,Unique
ZIP Code 55485,Minneapolis,Hennepin,Metro,Unique
ZIP Code 55486,Minneapolis,Hennepin,Metro,Unique
ZIP Code 55487,Minneapolis,Hennepin,Metro,Unique
ZIP Code 55488,Minneapolis,Hennepin,Metro,Unique
ZIP Code 55569,Osseo,Hennepin,Metro,P.O. Box
ZIP Code 55572,Rockford,Hennepin,Metro,P.O. Box
ZIP Code 55573,Young America,Hennepin,Metro,P.O. Box
ZIP Code 55575,Howard Lake,Hennepin,Metro,P.O. Box
ZIP Code 55577,Rockford,Hennepin,Metro,P.O. Box
ZIP Code 55593,Maple Plain,Hennepin,Metro,P.O. Box
ZIP Code 55599,Loretto,Hennepin,Metro,P.O. Box
ZIP Code 55919,Brownsville,Houston,Southern,Standard
ZIP Code 55921,Caledonia,Houston,Southern,Standard
ZIP Code 55931,Eitzen,Houston,Southern,Standard
ZIP Code 55941,Hokah,Houston,Southern,Standard
ZIP Code 55943,Houston,Houston,Southern,Standard
ZIP Code 55947,La Crescent,Houston,Southern,Standard
ZIP Code 55974,Spring Grove,Houston,Southern,Standard
ZIP Code 56433,Akeley,Hubbard,Northwest,Standard
ZIP Code 56436,Benedict,Hubbard,Northwest,P.O. Box
ZIP Code 56458,Lake George,Hubbard,Northwest,Standard
ZIP Code 56461,Laporte,Hubbard,Northwest,Standard
ZIP Code 56467,Nevis,Hubbard,Northwest,Standard
ZIP Code 56470,Park Rapids,Hubbard,Northwest,Standard
ZIP Code 55006,Braham,Isanti,Central,Standard
ZIP Code 55008,Cambridge,Isanti,Central,Standard
ZIP Code 55017,Dalbo,Isanti,Central,Standard
ZIP Code 55029,Grandy,Isanti,Central,P.O. Box
ZIP Code 55040,Isanti,Isanti,Central,Standard
ZIP Code 55080,Stanchfield,Isanti,Central,Standard
ZIP Code 55709,Bovey,Itasca,Northland,Standard
ZIP Code 55716,Calumet,Itasca,Northland,P.O. Box
ZIP Code 55721,Cohasset,Itasca,Northland,Standard
ZIP Code 55722,Coleraine,Itasca,Northland,P.O. Box
ZIP Code 55730,Grand Rapids,Itasca,Northland,P.O. Box
ZIP Code 55742,Goodland,Itasca,Northland,Standard
ZIP Code 55744,Grand Rapids,Itasca,Northland,Standard
ZIP Code 55745,Grand Rapids,Itasca,Northland,Unique
ZIP Code 55752,Jacobson,Itasca,Northland,Standard
ZIP Code 55753,Keewatin,Itasca,Northland,P.O. Box
ZIP Code 55764,Marble,Itasca,Northland,P.O. Box
ZIP Code 55769,Nashwauk,Itasca,Northland,Standard
ZIP Code 55775,Pengilly,Itasca,Northland,Standard
ZIP Code 55784,Swan River,Itasca,Northland,Standard
ZIP Code 55786,Taconite,Itasca,Northland,P.O. Box
ZIP Code 55793,Warba,Itasca,Northland,Standard
ZIP Code 56628,Bigfork,Itasca,Northland,Standard
ZIP Code 56631,Bowstring,Itasca,Northland,P.O. Box
ZIP Code 56636,Deer River,Itasca,Northland,Standard
ZIP Code 56637,Talmoon,Itasca,Northland,Standard
ZIP Code 56639,Effie,Itasca,Northland,Standard
ZIP Code 56657,Marcell,Itasca,Northland,Standard
ZIP Code 56659,Max,Itasca,Northland,Standard
ZIP Code 56680,Spring Lake,Itasca,Northland,Standard
ZIP Code 56681,Squaw Lake,Itasca,Northland,Standard
ZIP Code 56688,Wirt,Itasca,Northland,Standard
ZIP Code 56111,Alpha,Jackson,Southwest,Standard
ZIP Code 56137,Heron Lake,Jackson,Southwest,Standard
ZIP Code 56143,Jackson,Jackson,Southwest,Standard
ZIP Code 56150,Lakefield,Jackson,Southwest,Standard
ZIP Code 56161,Okabena,Jackson,Southwest,Standard
ZIP Code 55051,Mora,Kanabec,Central,Standard
ZIP Code 56358,Ogilvie,Kanabec,Central,Standard
ZIP Code 56201,Willmar,Kandiyohi,Southwest,Standard
ZIP Code 56209,Atwater,Kandiyohi,Southwest,Standard
ZIP Code 56216,Blomkest,Kandiyohi,Southwest,Standard
ZIP Code 56251,Kandiyohi,Kandiyohi,Southwest,Standard
ZIP Code 56253,Lake Lillian,Kandiyohi,Southwest,Standard
ZIP Code 56273,New London,Kandiyohi,Southwest,Standard
ZIP Code 56279,Pennock,Kandiyohi,Southwest,Standard
ZIP Code 56281,Prinsburg,Kandiyohi,Southwest,Standard
ZIP Code 56282,Raymond,Kandiyohi,Southwest,Standard
ZIP Code 56288,Spicer,Kandiyohi,Southwest,Standard
ZIP Code 56289,Sunburg,Kandiyohi,Southwest,Standard
ZIP Code 56720,Donaldson,Kittson,Northwest,P.O. Box
ZIP Code 56728,Hallock,Kittson,Northwest,Standard
ZIP Code 56729,Halma,Kittson,Northwest,Standard
ZIP Code 56731,Humboldt,Kittson,Northwest,P.O. Box
ZIP Code 56732,Karlstad,Kittson,Northwest,Standard
ZIP Code 56733,Kennedy,Kittson,Northwest,Standard
ZIP Code 56734,Lake Bronson,Kittson,Northwest,Standard
ZIP Code 56735,Lancaster,Kittson,Northwest,Standard
ZIP Code 56740,Noyes,Kittson,Northwest,Standard
ZIP Code 56755,Saint Vincent,Kittson,Northwest,Standard
ZIP Code 56627,Big Falls,Koochiching,Northland,Standard
ZIP Code 56629,Birchdale,Koochiching,Northland,P.O. Box
ZIP Code 56649,International Falls,Koochiching,Northland,Standard
ZIP Code 56653,Littlefork,Koochiching,Northland,Standard
ZIP Code 56654,Loman,Koochiching,Northland,Standard
ZIP Code 56658,Margie,Koochiching,Northland,Standard
ZIP Code 56660,Mizpah,Koochiching,Northland,Standard
ZIP Code 56661,Northome,Koochiching,Northland,Standard
ZIP Code 56668,Ranier,Koochiching,Northland,P.O. Box
ZIP Code 56669,Kabetogama,Koochiching,Northland,Standard
ZIP Code 56679,South International Falls,Koochiching,Northland,P.O. Box
ZIP Code 56212,Bellingham,Lac Qui Parle,Southwest,Standard
ZIP Code 56218,Boyd,Lac Qui Parle,Southwest,Standard
ZIP Code 56232,Dawson,Lac Qui Parle,Southwest,Standard
ZIP Code 56256,Madison,Lac Qui Parle,Southwest,Standard
ZIP Code 56257,Marietta,Lac Qui Parle,Southwest,Standard
ZIP Code 55601,Beaver Bay,Lake,Northland,P.O. Box
ZIP Code 55603,Finland,Lake,Northland,Standard
ZIP Code 55607,Isabella,Lake,Northland,Standard
ZIP Code 55609,Knife River,Lake,Northland,P.O. Box
ZIP Code 55614,Silver Bay,Lake,Northland,Standard
ZIP Code 55616,Two Harbors,Lake,Northland,Standard
ZIP Code 56623,Baudette,Lake Of The Woods,Northwest,Standard
ZIP Code 56686,Williams,Lake Of The Woods,Northwest,Standard
ZIP Code 56711,Angle Inlet,Lake Of The Woods,Northwest,P.O. Box
ZIP Code 56741,Oak Island,Lake Of The Woods,Northwest,P.O. Box
ZIP Code 56017,Cleveland,Le Sueur,Southern,Standard
ZIP Code 56028,Elysian,Le Sueur,Southern,Standard
ZIP Code 56050,Kasota,Le Sueur,Southern,Standard
ZIP Code 56057,Le Center,Le Sueur,Southern,Standard
ZIP Code 56058,Le Sueur,Le Sueur,Southern,Standard
ZIP Code 56069,Montgomery,Le Sueur,Southern,Standard
ZIP Code 56096,Waterville,Le Sueur,Southern,Standard
ZIP Code 56113,Arco,Lincoln,Southwest,Standard
ZIP Code 56136,Hendricks,Lincoln,Southwest,Standard
ZIP Code 56142,Ivanhoe,Lincoln,Southwest,Standard
ZIP Code 56149,Lake Benton,Lincoln,Southwest,Standard
ZIP Code 56178,Tyler,Lincoln,Southwest,Standard
ZIP Code 56115,Balaton,Lyon,Southwest,Standard
ZIP Code 56132,Garvin,Lyon,Southwest,Standard
ZIP Code 56157,Lynd,Lyon,Southwest,Standard
ZIP Code 56169,Russell,Lyon,Southwest,Standard
ZIP Code 56175,Tracy,Lyon,Southwest,Standard
ZIP Code 56229,Cottonwood,Lyon,Southwest,Standard
ZIP Code 56239,Ghent,Lyon,Southwest,Standard
ZIP Code 56258,Marshall,Lyon,Southwest,Standard
ZIP Code 56264,Minneota,Lyon,Southwest,Standard
ZIP Code 56291,Taunton,Lyon,Southwest,Standard
ZIP Code 56516,Bejou,Mahnomen,Northwest,Standard
ZIP Code 56557,Mahnomen,Mahnomen,Northwest,Standard
ZIP Code 56566,Naytahwaush,Mahnomen,Northwest,Standard
ZIP Code 56651,Lengby,Mahnomen,Northwest,Standard
ZIP Code 56710,Alvarado,Marshall,Northwest,Standard
ZIP Code 56713,Argyle,Marshall,Northwest,Standard
ZIP Code 56724,Gatzke,Marshall,Northwest,Standard
ZIP Code 56727,Grygla,Marshall,Northwest,Standard
ZIP Code 56737,Middle River,Marshall,Northwest,Standard
ZIP Code 56738,Newfolden,Marshall,Northwest,Standard
ZIP Code 56744,Oslo,Marshall,Northwest,Standard
ZIP Code 56757,Stephen,Marshall,Northwest,Standard
ZIP Code 56758,Strandquist,Marshall,Northwest,Standard
ZIP Code 56760,Viking,Marshall,Northwest,Standard
ZIP Code 56762,Warren,Marshall,Northwest,Standard
ZIP Code 56031,Fairmont,Martin,Southern,Standard
ZIP Code 56039,Granada,Martin,Southern,Standard
ZIP Code 56075,Northrop,Martin,Southern,P.O. Box
ZIP Code 56088,Truman,Martin,Southern,Standard
ZIP Code 56121,Ceylon,Martin,Southern,Standard
ZIP Code 56127,Dunnell,Martin,Southern,Standard
ZIP Code 56162,Ormsby,Martin,Southern,Standard
ZIP Code 56171,Sherburn,Martin,Southern,Standard
ZIP Code 56176,Trimont,Martin,Southern,Standard
ZIP Code 56181,Welcome,Martin,Southern,Standard
ZIP Code 55312,Brownton,McLeod,Southwest,Standard
ZIP Code 55336,Glencoe,McLeod,Southwest,Standard
ZIP Code 55350,Hutchinson,McLeod,Southwest,Standard
ZIP Code 55354,Lester Prairie,McLeod,Southwest,Standard
ZIP Code 55370,Plato,McLeod,Southwest,Standard
ZIP Code 55381,Silver Lake,McLeod,Southwest,Standard
ZIP Code 55385,Stewart,McLeod,Southwest,Standard
ZIP Code 55395,Winsted,McLeod,Southwest,Standard
ZIP Code 55324,Darwin,Meeker,Southwest,Standard
ZIP Code 55325,Dassel,Meeker,Southwest,Standard
ZIP Code 55329,Eden Valley,Meeker,Southwest,Standard
ZIP Code 55355,Litchfield,Meeker,Southwest,Standard
ZIP Code 55389,Watkins,Meeker,Southwest,Standard
ZIP Code 56228,Cosmos,Meeker,Southwest,Standard
ZIP Code 56243,Grove City,Meeker,Southwest,Standard
ZIP Code 55371,Princeton,Mille Lacs,Central,Standard
ZIP Code 56313,Bock,Mille Lacs,Central,P.O. Box
ZIP Code 56330,Foreston,Mille Lacs,Central,Standard
ZIP Code 56342,Isle,Mille Lacs,Central,Standard
ZIP Code 56353,Milaca,Mille Lacs,Central,Standard
ZIP Code 56359,Onamia,Mille Lacs,Central,Standard
ZIP Code 56363,Pease,Mille Lacs,Central,P.O. Box
ZIP Code 56386,Wahkon,Mille Lacs,Central,Standard
ZIP Code 56314,Bowlus,Morrison,Central,Standard
ZIP Code 56317,Buckman,Morrison,Central,P.O. Box
ZIP Code 56328,Flensburg,Morrison,Central,P.O. Box
ZIP Code 56338,Hillman,Morrison,Central,Standard
ZIP Code 56344,Lastrup,Morrison,Central,P.O. Box
ZIP Code 56345,Little Falls,Morrison,Central,Standard
ZIP Code 56364,Pierz,Morrison,Central,Standard
ZIP Code 56373,Royalton,Morrison,Central,Standard
ZIP Code 56382,Swanville,Morrison,Central,Standard
ZIP Code 56384,Upsala,Morrison,Central,Standard
ZIP Code 56443,Cushing,Morrison,Central,Standard
ZIP Code 56466,Motley,Morrison,Central,Standard
ZIP Code 56475,Randall,Morrison,Central,Standard
ZIP Code 55909,Adams,Mower,Southern,Standard
ZIP Code 55912,Austin,Mower,Southern,Standard
ZIP Code 55918,Brownsdale,Mower,Southern,Standard
ZIP Code 55926,Dexter,Mower,Southern,Standard
ZIP Code 55933,Elkton,Mower,Southern,Standard
ZIP Code 55936,Grand Meadow,Mower,Southern,Standard
ZIP Code 55950,Lansing,Mower,Southern,P.O. Box
ZIP Code 55951,Le Roy,Mower,Southern,Standard
ZIP Code 55953,Lyle,Mower,Southern,Standard
ZIP Code 55967,Racine,Mower,Southern,Standard
ZIP Code 55970,Rose Creek,Mower,Southern,Standard
ZIP Code 55973,Sargeant,Mower,Southern,Standard
ZIP Code 55977,Taopi,Mower,Southern,Standard
ZIP Code 55982,Waltham,Mower,Southern,Standard
ZIP Code 56114,Avoca,Murray,Southwest,Standard
ZIP Code 56122,Chandler,Murray,Southwest,Standard
ZIP Code 56123,Currie,Murray,Southwest,Standard
ZIP Code 56125,Dovray,Murray,Southwest,Standard
ZIP Code 56131,Fulda,Murray,Southwest,Standard
ZIP Code 56141,Iona,Murray,Southwest,Standard
ZIP Code 56151,Lake Wilson,Murray,Southwest,Standard
ZIP Code 56172,Slayton,Murray,Southwest,Standard
ZIP Code 56003,Mankato,Nicollet,Southern,Standard
ZIP Code 56021,Courtland,Nicollet,Southern,Standard
ZIP Code 56054,Lafayette,Nicollet,Southern,Standard
ZIP Code 56074,Nicollet,Nicollet,Southern,Standard
ZIP Code 56082,Saint Peter,Nicollet,Southern,Standard
ZIP Code 56110,Adrian,Nobles,Southwest,Standard
ZIP Code 56117,Bigelow,Nobles,Southwest,Standard
ZIP Code 56119,Brewster,Nobles,Southwest,Standard
ZIP Code 56129,Ellsworth,Nobles,Southwest,Standard
ZIP Code 56146,Kanaranzi,Nobles,Southwest,Standard
ZIP Code 56153,Leota,Nobles,Southwest,P.O. Box
ZIP Code 56155,Lismore,Nobles,Southwest,Standard
ZIP Code 56165,Reading,Nobles,Southwest,Standard
ZIP Code 56167,Round Lake,Nobles,Southwest,Standard
ZIP Code 56168,Rushmore,Nobles,Southwest,Standard
ZIP Code 56185,Wilmont,Nobles,Southwest,Standard
ZIP Code 56187,Worthington,Nobles,Southwest,Standard
ZIP Code 56510,Ada,Norman,Northwest,Standard
ZIP Code 56519,Borup,Norman,Northwest,Standard
ZIP Code 56541,Flom,Norman,Northwest,P.O. Box
ZIP Code 56545,Gary,Norman,Northwest,Standard
ZIP Code 56548,Halstad,Norman,Northwest,Standard
ZIP Code 56550,Hendrum,Norman,Northwest,Standard
ZIP Code 56574,Perley,Norman,Northwest,Standard
ZIP Code 56581,Shelly,Norman,Northwest,Standard
ZIP Code 56584,Twin Valley,Norman,Northwest,Standard
ZIP Code 55901,Rochester,Olmsted,Southern,Standard
ZIP Code 55902,Rochester,Olmsted,Southern,Standard
ZIP Code 55903,Rochester,Olmsted,Southern,P.O. Box
ZIP Code 55904,Rochester,Olmsted,Southern,Standard
ZIP Code 55905,Rochester,Olmsted,Southern,Unique
ZIP Code 55906,Rochester,Olmsted,Southern,Standard
ZIP Code 55920,Byron,Olmsted,Southern,Standard
ZIP Code 55929,Dover,Olmsted,Southern,Standard
ZIP Code 55934,Eyota,Olmsted,Southern,Standard
ZIP Code 55960,Oronoco,Olmsted,Southern,Standard
ZIP Code 55976,Stewartville,Olmsted,Southern,Standard
ZIP Code 56324,Dalton,Otter Tail,West Central,Standard
ZIP Code 56361,Parkers Prairie,Otter Tail,West Central,Standard
ZIP Code 56515,Battle Lake,Otter Tail,West Central,Standard
ZIP Code 56518,Bluffton,Otter Tail,West Central,Standard
ZIP Code 56524,Clitherall,Otter Tail,West Central,Standard
ZIP Code 56527,Deer Creek,Otter Tail,West Central,Standard
ZIP Code 56528,Dent,Otter Tail,West Central,Standard
ZIP Code 56533,Elizabeth,Otter Tail,West Central,Standard
ZIP Code 56534,Erhard,Otter Tail,West Central,Standard
ZIP Code 56537,Fergus Falls,Otter Tail,West Central,Standard
ZIP Code 56538,Fergus Falls,Otter Tail,West Central,P.O. Box
ZIP Code 56551,Henning,Otter Tail,West Central,Standard
ZIP Code 56567,New York Mills,Otter Tail,West Central,Standard
ZIP Code 56571,Ottertail,Otter Tail,West Central,Standard
ZIP Code 56572,Pelican Rapids,Otter Tail,West Central,Standard
ZIP Code 56573,Perham,Otter Tail,West Central,Standard
ZIP Code 56576,Richville,Otter Tail,West Central,Standard
ZIP Code 56586,Underwood,Otter Tail,West Central,Standard
ZIP Code 56587,Vergas,Otter Tail,West Central,Standard
ZIP Code 56588,Vining,Otter Tail,West Central,Standard
ZIP Code 56701,Thief River Falls,Pennington,Northwest,Standard
ZIP Code 56725,Goodridge,Pennington,Northwest,Standard
ZIP Code 56754,Saint Hilaire,Pennington,Northwest,Standard
ZIP Code 55007,Brook Park,Pine,Central,Standard
ZIP Code 55030,Grasston,Pine,Central,Standard
ZIP Code 55036,Henriette,Pine,Central,Standard
ZIP Code 55037,Hinckley,Pine,Central,Standard
ZIP Code 55063,Pine City,Pine,Central,Standard
ZIP Code 55067,Rock Creek,Pine,Central,P.O. Box
ZIP Code 55072,Sandstone,Pine,Central,Standard
ZIP Code 55704,Askov,Pine,Central,Standard
ZIP Code 55712,Bruno,Pine,Central,Standard
ZIP Code 55735,Finlayson,Pine,Central,Standard
ZIP Code 55756,Kerrick,Pine,Central,Standard
ZIP Code 55783,Sturgeon Lake,Pine,Central,Standard
ZIP Code 55795,Willow River,Pine,Central,Standard
ZIP Code 56128,Edgerton,Pipestone,Southwest,Standard
ZIP Code 56139,Holland,Pipestone,Southwest,Standard
ZIP Code 56140,Ihlen,Pipestone,Southwest,P.O. Box
ZIP Code 56164,Pipestone,Pipestone,Southwest,Standard
ZIP Code 56170,Ruthton,Pipestone,Southwest,Standard
ZIP Code 56186,Woodstock,Pipestone,Southwest,Standard
ZIP Code 56517,Beltrami,Polk,Northwest,Standard
ZIP Code 56523,Climax,Polk,Northwest,Standard
ZIP Code 56535,Erskine,Polk,Northwest,Standard
ZIP Code 56540,Fertile,Polk,Northwest,Standard
ZIP Code 56542,Fosston,Polk,Northwest,Standard
ZIP Code 56556,Mcintosh,Polk,Northwest,Standard
ZIP Code 56568,Nielsville,Polk,Northwest,Standard
ZIP Code 56592,Winger,Polk,Northwest,Standard
ZIP Code 56646,Gully,Polk,Northwest,Standard
ZIP Code 56684,Trail,Polk,Northwest,Standard
ZIP Code 56716,Crookston,Polk,Northwest,Standard
ZIP Code 56721,East Grand Forks,Polk,Northwest,Standard
ZIP Code 56722,Euclid,Polk,Northwest,Standard
ZIP Code 56723,Fisher,Polk,Northwest,Standard
ZIP Code 56736,Mentor,Polk,Northwest,Standard
ZIP Code 56323,Cyrus,Pope,West Central,Standard
ZIP Code 56334,Glenwood,Pope,West Central,Standard
ZIP Code 56349,Lowry,Pope,West Central,Standard
ZIP Code 56381,Starbuck,Pope,West Central,Standard
ZIP Code 56385,Villard,Pope,West Central,Standard
ZIP Code 55101,Saint Paul,Ramsey,Metro,Standard
ZIP Code 55102,Saint Paul,Ramsey,Metro,Standard
ZIP Code 55103,Saint Paul,Ramsey,Metro,Standard
ZIP Code 55104,Saint Paul,Ramsey,Metro,Standard
ZIP Code 55105,Saint Paul,Ramsey,Metro,Standard
ZIP Code 55106,Saint Paul,Ramsey,Metro,Standard
ZIP Code 55107,Saint Paul,Ramsey,Metro,Standard
ZIP Code 55108,Saint Paul,Ramsey,Metro,Standard
ZIP Code 55109,Saint Paul,Ramsey,Metro,Standard
ZIP Code 55110,Saint Paul,Ramsey,Metro,Standard
ZIP Code 55112,Saint Paul,Ramsey,Metro,Standard
ZIP Code 55113,Saint Paul,Ramsey,Metro,Standard
ZIP Code 55114,Saint Paul,Ramsey,Metro,Standard
ZIP Code 55116,Saint Paul,Ramsey,Metro,Standard
ZIP Code 55117,Saint Paul,Ramsey,Metro,Standard
ZIP Code 55119,Saint Paul,Ramsey,Metro,Standard
ZIP Code 55126,Saint Paul,Ramsey,Metro,Standard
ZIP Code 55127,Saint Paul,Ramsey,Metro,Standard
ZIP Code 55130,Saint Paul,Ramsey,Metro,Standard
ZIP Code 55133,Saint Paul,Ramsey,Metro,Unique
ZIP Code 55144,Saint Paul,Ramsey,Metro,Unique
ZIP Code 55145,Saint Paul,Ramsey,Metro,Unique
ZIP Code 55146,Saint Paul,Ramsey,Metro,Unique
ZIP Code 55155,Saint Paul,Ramsey,Metro,Unique
ZIP Code 55164,Saint Paul,Ramsey,Metro,P.O. Box
ZIP Code 55165,Saint Paul,Ramsey,Metro,P.O. Box
ZIP Code 55170,Saint Paul,Ramsey,Metro,Unique
ZIP Code 55175,Saint Paul,Ramsey,Metro,P.O. Box
ZIP Code 56715,Brooks,Red Lake,Northwest,Standard
ZIP Code 56742,Oklee,Red Lake,Northwest,Standard
ZIP Code 56748,Plummer,Red Lake,Northwest,Standard
ZIP Code 56750,Red Lake Falls,Red Lake,Northwest,Standard
ZIP Code 56083,Sanborn,Redwood,Southwest,Standard
ZIP Code 56152,Lamberton,Redwood,Southwest,Standard
ZIP Code 56166,Revere,Redwood,Southwest,Standard
ZIP Code 56180,Walnut Grove,Redwood,Southwest,Standard
ZIP Code 56214,Belview,Redwood,Southwest,Standard
ZIP Code 56224,Clements,Redwood,Southwest,Standard
ZIP Code 56255,Lucan,Redwood,Southwest,Standard
ZIP Code 56263,Milroy,Redwood,Southwest,Standard
ZIP Code 56266,Morgan,Redwood,Southwest,Standard
ZIP Code 56283,Redwood Falls,Redwood,Southwest,Standard
ZIP Code 56287,Seaforth,Redwood,Southwest,Standard
ZIP Code 56292,Vesta,Redwood,Southwest,Standard
ZIP Code 56293,Wabasso,Redwood,Southwest,Standard
ZIP Code 56294,Wanda,Redwood,Southwest,P.O. Box
ZIP Code 55310,Bird Island,Renville,Southwest,Standard
ZIP Code 55314,Buffalo Lake,Renville,Southwest,Standard
ZIP Code 55332,Fairfax,Renville,Southwest,Standard
ZIP Code 55333,Franklin,Renville,Southwest,Standard
ZIP Code 55342,Hector,Renville,Southwest,Standard
ZIP Code 56230,Danube,Renville,Southwest,Standard
ZIP Code 56270,Morton,Renville,Southwest,Standard
ZIP Code 56277,Olivia,Renville,Southwest,Standard
ZIP Code 56284,Renville,Renville,Southwest,Standard
ZIP Code 56285,Sacred Heart,Renville,Southwest,Standard
ZIP Code 55019,Dundas,Rice,Southern,Standard
ZIP Code 55021,Faribault,Rice,Southern,Standard
ZIP Code 55046,Lonsdale,Rice,Southern,Standard
ZIP Code 55052,Morristown,Rice,Southern,Standard
ZIP Code 55053,Nerstrand,Rice,Southern,Standard
ZIP Code 55057,Northfield,Rice,Southern,Standard
ZIP Code 55087,Warsaw,Rice,Southern,Standard
ZIP Code 55088,Webster,Rice,Southern,Standard
ZIP Code 56052,Kilkenny,Rice,Southern,Standard
ZIP Code 56116,Beaver Creek,Rock,Southwest,Standard
ZIP Code 56134,Hardwick,Rock,Southwest,Standard
ZIP Code 56138,Hills,Rock,Southwest,Standard
ZIP Code 56144,Jasper,Rock,Southwest,Standard
ZIP Code 56147,Kenneth,Rock,Southwest,Standard
ZIP Code 56156,Luverne,Rock,Southwest,Standard
ZIP Code 56158,Magnolia,Rock,Southwest,Standard
ZIP Code 56173,Steen,Rock,Southwest,Standard
ZIP Code 56673,Roosevelt,Roseau,Northwest,Standard
ZIP Code 56714,Badger,Roseau,Northwest,Standard
ZIP Code 56726,Greenbush,Roseau,Northwest,Standard
ZIP Code 56751,Roseau,Roseau,Northwest,Standard
ZIP Code 56756,Salol,Roseau,Northwest,Standard
ZIP Code 56759,Strathcona,Roseau,Northwest,Standard
ZIP Code 56761,Wannaska,Roseau,Northwest,Standard
ZIP Code 56763,Warroad,Roseau,Northwest,Standard
ZIP Code 55602,Brimson,Saint Louis,Northland,Standard
ZIP Code 55702,Alborn,Saint Louis,Northland,Standard
ZIP Code 55703,Angora,Saint Louis,Northland,Standard
ZIP Code 55705,Aurora,Saint Louis,Northland,Standard
ZIP Code 55706,Babbitt,Saint Louis,Northland,Standard
ZIP Code 55708,Biwabik,Saint Louis,Northland,P.O. Box
ZIP Code 55710,Britt,Saint Louis,Northland,Standard
ZIP Code 55711,Brookston,Saint Louis,Northland,Standard
ZIP Code 55713,Buhl,Saint Louis,Northland,P.O. Box
ZIP Code 55717,Canyon,Saint Louis,Northland,Standard
ZIP Code 55719,Chisholm,Saint Louis,Northland,Standard
ZIP Code 55723,Cook,Saint Louis,Northland,Standard
ZIP Code 55724,Cotton,Saint Louis,Northland,Standard
ZIP Code 55725,Crane Lake,Saint Louis,Northland,Standard
ZIP Code 55731,Ely,Saint Louis,Northland,Standard
ZIP Code 55732,Embarrass,Saint Louis,Northland,Standard
ZIP Code 55734,Eveleth,Saint Louis,Northland,Standard
ZIP Code 55736,Floodwood,Saint Louis,Northland,Standard
ZIP Code 55738,Forbes,Saint Louis,Northland,Standard
ZIP Code 55741,Gilbert,Saint Louis,Northland,Standard
ZIP Code 55746,Hibbing,Saint Louis,Northland,Standard
ZIP Code 55750,Hoyt Lakes,Saint Louis,Northland,Standard
ZIP Code 55751,Iron,Saint Louis,Northland,Standard
ZIP Code 55758,Kinney,Saint Louis,Northland,Standard
ZIP Code 55763,Makinen,Saint Louis,Northland,Standard
ZIP Code 55765,Meadowlands,Saint Louis,Northland,Standard
ZIP Code 55766,Melrude,Saint Louis,Northland,P.O. Box
ZIP Code 55768,Mountain Iron,Saint Louis,Northland,Standard
ZIP Code 55771,Orr,Saint Louis,Northland,Standard
ZIP Code 55772,Nett Lake,Saint Louis,Northland,P.O. Box
ZIP Code 55777,Virginia,Saint Louis,Northland,P.O. Box
ZIP Code 55779,Saginaw,Saint Louis,Northland,Standard
ZIP Code 55781,Side Lake,Saint Louis,Northland,Standard
ZIP Code 55782,Soudan,Saint Louis,Northland,P.O. Box
ZIP Code 55790,Tower,Saint Louis,Northland,Standard
ZIP Code 55791,Twig,Saint Louis,Northland,P.O. Box
ZIP Code 55792,Virginia,Saint Louis,Northland,Standard
ZIP Code 55796,Winton,Saint Louis,Northland,P.O. Box
ZIP Code 55801,Duluth,Saint Louis,Northland,P.O. Box
ZIP Code 55802,Duluth,Saint Louis,Northland,Standard
ZIP Code 55803,Duluth,Saint Louis,Northland,Standard
ZIP Code 55804,Duluth,Saint Louis,Northland,Standard
ZIP Code 55805,Duluth,Saint Louis,Northland,Standard
ZIP Code 55806,Duluth,Saint Louis,Northland,Standard
ZIP Code 55807,Duluth,Saint Louis,Northland,Standard
ZIP Code 55808,Duluth,Saint Louis,Northland,Standard
ZIP Code 55810,Duluth,Saint Louis,Northland,Standard
ZIP Code 55811,Duluth,Saint Louis,Northland,Standard
ZIP Code 55812,Duluth,Saint Louis,Northland,Standard
ZIP Code 55814,Duluth,Saint Louis,Northland,P.O. Box
ZIP Code 55815,Duluth,Saint Louis,Northland,P.O. Box
ZIP Code 55816,Duluth,Saint Louis,Northland,P.O. Box
ZIP Code 55020,Elko New Market,Scott,Metro,Standard
ZIP Code 55054,Elko New Market,Scott,Metro,Standard
ZIP Code 55352,Jordan,Scott,Metro,Standard
ZIP Code 55372,Prior Lake,Scott,Metro,Standard
ZIP Code 55378,Savage,Scott,Metro,Standard
ZIP Code 55379,Shakopee,Scott,Metro,Standard
ZIP Code 56011,Belle Plaine,Scott,Metro,Standard
ZIP Code 56071,New Prague,Scott,Metro,Standard
ZIP Code 55308,Becker,Sherburne,Central,Standard
ZIP Code 55309,Big Lake,Sherburne,Central,Standard
ZIP Code 55319,Clear Lake,Sherburne,Central,Standard
ZIP Code 55330,Elk River,Sherburne,Central,Standard
ZIP Code 55377,Santiago,Sherburne,Central,P.O. Box
ZIP Code 55398,Zimmerman,Sherburne,Central,Standard
ZIP Code 56304,Saint Cloud,Sherburne,Central,Standard
ZIP Code 55307,Arlington,Sibley,Southern,Standard
ZIP Code 55334,Gaylord,Sibley,Southern,Standard
ZIP Code 55335,Gibbon,Sibley,Southern,Standard
ZIP Code 55338,Green Isle,Sibley,Southern,Standard
ZIP Code 55366,New Auburn,Sibley,Southern,P.O. Box
ZIP Code 55396,Winthrop,Sibley,Southern,Standard
ZIP Code 56044,Henderson,Sibley,Southern,Standard
ZIP Code 55353,Kimball,Stearns,Central,Standard
ZIP Code 56301,Saint Cloud,Stearns,Central,Standard
ZIP Code 56302,Saint Cloud,Stearns,Central,P.O. Box
ZIP Code 56303,Saint Cloud,Stearns,Central,Standard
ZIP Code 56307,Albany,Stearns,Central,Standard
ZIP Code 56310,Avon,Stearns,Central,Standard
ZIP Code 56312,Belgrade,Stearns,Central,Standard
ZIP Code 56316,Brooten,Stearns,Central,Standard
ZIP Code 56320,Cold Spring,Stearns,Central,Standard
ZIP Code 56321,Collegeville,Stearns,Central,P.O. Box
ZIP Code 56325,Elrosa,Stearns,Central,P.O. Box
ZIP Code 56331,Freeport,Stearns,Central,Standard
ZIP Code 56335,Greenwald,Stearns,Central,P.O. Box
ZIP Code 56340,Holdingford,Stearns,Central,Standard
ZIP Code 56352,Melrose,Stearns,Central,Standard
ZIP Code 56356,New Munich,Stearns,Central,P.O. Box
ZIP Code 56362,Paynesville,Stearns,Central,Standard
ZIP Code 56368,Richmond,Stearns,Central,Standard
ZIP Code 56369,Rockville,Stearns,Central,P.O. Box
ZIP Code 56371,Roscoe,Stearns,Central,Standard
ZIP Code 56372,Saint Cloud,Stearns,Central,Unique
ZIP Code 56374,Saint Joseph,Stearns,Central,Standard
ZIP Code 56375,Saint Stephen,Stearns,Central,Standard
ZIP Code 56376,Saint Martin,Stearns,Central,P.O. Box
ZIP Code 56377,Sartell,Stearns,Central,Standard
ZIP Code 56378,Sauk Centre,Stearns,Central,Standard
ZIP Code 56387,Waite Park,Stearns,Central,Standard
ZIP Code 56388,Waite Park,Stearns,Central,Standard
ZIP Code 56393,Saint Cloud,Stearns,Central,Unique
ZIP Code 56395,Saint Cloud,Stearns,Central,Unique
ZIP Code 56396,Saint Cloud,Stearns,Central,Unique
ZIP Code 56397,Saint Cloud,Stearns,Central,P.O. Box
ZIP Code 56398,Saint Cloud,Stearns,Central,P.O. Box
ZIP Code 56399,Saint Cloud,Stearns,Central,Unique
ZIP Code 55049,Medford,Steele,Southern,Standard
ZIP Code 55060,Owatonna,Steele,Southern,Standard
ZIP Code 55917,Blooming Prairie,Steele,Southern,Standard
ZIP Code 56026,Ellendale,Steele,Southern,Standard
ZIP Code 56046,Hope,Steele,Southern,P.O. Box
ZIP Code 56207,Alberta,Stevens,West Central,Standard
ZIP Code 56221,Chokio,Stevens,West Central,Standard
ZIP Code 56235,Donnelly,Stevens,West Central,Standard
ZIP Code 56244,Hancock,Stevens,West Central,Standard
ZIP Code 56267,Morris,Stevens,West Central,Standard
ZIP Code 56208,Appleton,Swift,Southwest,Standard
ZIP Code 56215,Benson,Swift,Southwest,Standard
ZIP Code 56226,Clontarf,Swift,Southwest,Standard
ZIP Code 56231,Danvers,Swift,Southwest,Standard
ZIP Code 56249,Holloway,Swift,Southwest,Standard
ZIP Code 56252,Kerkhoven,Swift,Southwest,Standard
ZIP Code 56271,Murdock,Swift,Southwest,Standard
ZIP Code 56318,Burtrum,Todd,Central,Standard
ZIP Code 56336,Grey Eagle,Todd,Central,Standard
ZIP Code 56347,Long Prairie,Todd,Central,Standard
ZIP Code 56389,West Union,Todd,Central,P.O. Box
ZIP Code 56437,Bertha,Todd,Central,Standard
ZIP Code 56438,Browerville,Todd,Central,Standard
ZIP Code 56440,Clarissa,Todd,Central,Standard
ZIP Code 56446,Eagle Bend,Todd,Central,Standard
ZIP Code 56453,Hewitt,Todd,Central,Standard
ZIP Code 56219,Browns Valley,Traverse,West Central,Standard
ZIP Code 56236,Dumont,Traverse,West Central,Standard
ZIP Code 56296,Wheaton,Traverse,West Central,Standard
ZIP Code 56583,Tintah,Traverse,West Central,Standard
ZIP Code 55041,Lake City,Wabasha,Southern,Standard
ZIP Code 55932,Elgin,Wabasha,Southern,Standard
ZIP Code 55945,Kellogg,Wabasha,Southern,Standard
ZIP Code 55956,Mazeppa,Wabasha,Southern,Standard
ZIP Code 55957,Millville,Wabasha,Southern,Standard
ZIP Code 55964,Plainview,Wabasha,Southern,Standard
ZIP Code 55968,Reads Landing,Wabasha,Southern,Standard
ZIP Code 55981,Wabasha,Wabasha,Southern,Standard
ZIP Code 55991,Zumbro Falls,Wabasha,Southern,Standard
ZIP Code 56434,Aldrich,Wadena,Central,Standard
ZIP Code 56464,Menahga,Wadena,Central,Standard
ZIP Code 56477,Sebeka,Wadena,Central,Standard
ZIP Code 56479,Staples,Wadena,Central,Standard
ZIP Code 56481,Verndale,Wadena,Central,Standard
ZIP Code 56482,Wadena,Wadena,Central,Standard
ZIP Code 56048,Janesville,Waseca,Southern,Standard
ZIP Code 56072,New Richland,Waseca,Southern,Standard
ZIP Code 56091,Waldorf,Waseca,Southern,Standard
ZIP Code 56093,Waseca,Waseca,Southern,Standard
ZIP Code 55001,Afton,Washington,Metro,Standard
ZIP Code 55003,Bayport,Washington,Metro,Standard
ZIP Code 55016,Cottage Grove,Washington,Metro,Standard
ZIP Code 55025,Forest Lake,Washington,Metro,Standard
ZIP Code 55038,Hugo,Washington,Metro,Standard
ZIP Code 55042,Lake Elmo,Washington,Metro,Standard
ZIP Code 55043,Lakeland,Washington,Metro,Standard
ZIP Code 55047,Marine On Saint Croix,Washington,Metro,Standard
ZIP Code 55055,Newport,Washington,Metro,Standard
ZIP Code 55071,Saint Paul Park,Washington,Metro,Standard
ZIP Code 55073,Scandia,Washington,Metro,Standard
ZIP Code 55082,Stillwater,Washington,Metro,Standard
ZIP Code 55083,Stillwater,Washington,Metro,P.O. Box
ZIP Code 55090,Willernie,Washington,Metro,P.O. Box
ZIP Code 55115,Saint Paul,Washington,Metro,Standard
ZIP Code 55125,Saint Paul,Washington,Metro,Standard
ZIP Code 55128,Saint Paul,Washington,Metro,Standard
ZIP Code 55129,Saint Paul,Washington,Metro,Standard
ZIP Code 55131,Saint Paul,Washington,Metro,Standard
ZIP Code 56022,Darfur,Watonwan,Southern,P.O. Box
ZIP Code 56056,La Salle,Watonwan,Southern,P.O. Box
ZIP Code 56060,Lewisville,Watonwan,Southern,Standard
ZIP Code 56062,Madelia,Watonwan,Southern,Standard
ZIP Code 56081,Saint James,Watonwan,Southern,Standard
ZIP Code 56120,Butterfield,Watonwan,Southern,Standard
ZIP Code 56160,Odin,Watonwan,Southern,Standard
ZIP Code 56520,Breckenridge,Wilkin,West Central,Standard
ZIP Code 56522,Campbell,Wilkin,West Central,Standard
ZIP Code 56543,Foxhome,Wilkin,West Central,Standard
ZIP Code 56553,Kent,Wilkin,West Central,Standard
ZIP Code 56565,Nashua,Wilkin,West Central,Standard
ZIP Code 56579,Rothsay,Wilkin,West Central,Standard
ZIP Code 56594,Wolverton,Wilkin,West Central,Standard
ZIP Code 55910,Altura,Winona,Southern,Standard
ZIP Code 55925,Dakota,Winona,Southern,Standard
ZIP Code 55942,Homer,Winona,Southern,P.O. Box
ZIP Code 55952,Lewiston,Winona,Southern,Standard
ZIP Code 55959,Minnesota City,Winona,Southern,Standard
ZIP Code 55969,Rollingstone,Winona,Southern,Standard
ZIP Code 55972,Saint Charles,Winona,Southern,Standard
ZIP Code 55979,Utica,Winona,Southern,Standard
ZIP Code 55987,Winona,Winona,Southern,Standard
ZIP Code 55988,Stockton,Winona,Southern,P.O. Box
ZIP Code 55301,Albertville,Wright,Central,Standard
ZIP Code 55302,Annandale,Wright,Central,Standard
ZIP Code 55313,Buffalo,Wright,Central,Standard
ZIP Code 55320,Clearwater,Wright,Central,Standard
ZIP Code 55321,Cokato,Wright,Central,Standard
ZIP Code 55328,Delano,Wright,Central,Standard
ZIP Code 55341,Hanover,Wright,Central,Standard
ZIP Code 55349,Howard Lake,Wright,Central,Standard
ZIP Code 55358,Maple Lake,Wright,Central,Standard
ZIP Code 55362,Monticello,Wright,Central,Standard
ZIP Code 55363,Montrose,Wright,Central,Standard
ZIP Code 55373,Rockford,Wright,Central,Standard
ZIP Code 55376,Saint Michael,Wright,Central,Standard
ZIP Code 55382,South Haven,Wright,Central,Standard
ZIP Code 55390,Waverly,Wright,Central,Standard
ZIP Code 55592,Maple Plain,Wright,Central,P.O. Box
ZIP Code 56220,Canby,Yellow Medicine,Southwest,Standard
ZIP Code 56223,Clarkfield,Yellow Medicine,Southwest,Standard
ZIP Code 56237,Echo,Yellow Medicine,Southwest,Standard
ZIP Code 56241,Granite Falls,Yellow Medicine,Southwest,Standard
ZIP Code 56245,Hanley Falls,Yellow Medicine,Southwest,Standard
ZIP Code 56280,Porter,Yellow Medicine,Southwest,Standard
ZIP Code 56297,Wood Lake,Yellow Medicine,Southwest,Standard
